{
  "project_info": {
    "project_number": "593884992492",
    "firebase_url": "https://healthcareproject-1453b-default-rtdb.firebaseio.com",
    "project_id": "healthcareproject-1453b",
    "storage_bucket": "healthcareproject-1453b.appspot.com"
  },
  "client": [
    {
      "client_info": {
        "mobilesdk_app_id": "1:593884992492:android:c98013b8fcb9fbb7e7a6c9",
        "android_client_info": {
          "package_name": "com.example.se114_healthcareapplication"
        }
      },
      "oauth_client": [
        {
          "client_id": "593884992492-docoodm7rcbpd2gg8si2n4ubutoj8orl.apps.googleusercontent.com",
          "client_type": 1,
          "android_info": {
            "package_name": "com.example.se114_healthcareapplication",
            "certificate_hash": "21fe51ba1ca7d6429da854905d674a893791ce3a"
          }
        },
        {
          "client_id": "593884992492-5qj5ecn99fs0oc2ue2n51jel09a611hq.apps.googleusercontent.com",
          "client_type": 3
        }
      ],
      "api_key": [
        {
          "current_key": "AIzaSyA1i6iJd8_3ui2OSzllPEnSPtUWTX9_U5s"
        }
      ],
      "services": {
        "appinvite_service": {
          "other_platform_oauth_client": [
            {
              "client_id": "593884992492-5qj5ecn99fs0oc2ue2n51jel09a611hq.apps.googleusercontent.com",
              "client_type": 3
            }
          ]
        }
      }
    }
  ],
  "configuration_version": "1"
}